-- Insert data into the Category table
INSERT INTO category (category_name, is_active) VALUES
                                                    ('Electronics', true),
                                                    ('Clothing', true),
                                                    ('Books', true),
                                                    ('Home and Kitchen', true),
                                                    ('Sports and Outdoors', true),
                                                    ('Toys and Games', true),
                                                    ('Beauty and Personal Care', true),
                                                    ('Automotive', true),
                                                    ('Health and Household', true),
                                                    ('Tools and Home Improvement', true),
                                                    ('Grocery and Gourmet Food', true),
                                                    ('Baby', true),
                                                    ('Pet Supplies', true),
                                                    ('Office Products', true),
                                                    ('Industrial and Scientific', true),
                                                    ('Software', true),
                                                    ('Musical Instruments', true),
                                                    ('Movies and TV', true),
                                                    ('Kindle Store', true),
                                                    ('Arts, Crafts and Sewing', true),
                                                    ('Electronics Accessories', true),
                                                    ('Cell Phones and Accessories', true),
                                                    ('Clothing, Shoes and Jewelry', true),
                                                    ('Home Audio and Theater', true),
                                                    ('Computers and Accessories', true),
                                                    ('Camera and Photo', true),
                                                    ('Video Games', true),
                                                    ('Home Improvement', true),
                                                    ('Toys and Games', true),
                                                    ('Books', true),
                                                    ('Automotive Parts and Accessories', true),
                                                    ('Beauty', true),
                                                    ('Sports and Outdoors', true),
                                                    ('Baby Products', true),
                                                    ('Health and Personal Care', true),
                                                    ('Tools and Home Improvement', true),
                                                    ('Office and School Supplies', true),
                                                    ('Furniture', true),
                                                    ('Appliances', true),
                                                    ('Patio, Lawn and Garden', true),
                                                    ('CDs and Vinyl', true),
                                                    ('Pet Food and Supplies', true),
                                                    ('Jewelry', true),
                                                    ('Watches', true),
                                                    ('Handmade', true),
                                                    ('Grocery', true),
                                                    ('Luggage and Travel Gear', true),
                                                    ('Industrial', true),
                                                    ('Home Services', true),
                                                    ('Automotive', true);

-- Insert data into the Product table
INSERT INTO product (product_name, description, price, stock, is_active, category_category_id) VALUES
                                                                                                   ('Smartphone X', 'High-end smartphone with latest features', 899.99, 50, true, 1),
                                                                                                   ('Laptop Pro', 'Thin and light laptop for productivity', 1299.99, 30, true, 1),
                                                                                                   ('Wireless Headphones', 'Over-ear headphones with noise cancellation', 149.99, 100, true, 1),
                                                                                                   ('Casual T-shirt', 'Comfortable cotton T-shirt for everyday wear', 19.99, 200, true, 2),
                                                                                                   ('Running Shoes Elite', 'Durable running shoes for fitness enthusiasts', 79.99, 50, true, 2),
                                                                                                   ('Bestseller Novel', 'Best-selling novel by a renowned author', 29.99, 20, true, 3),
                                                                                                   ('Premium Cookware Set', 'Premium stainless steel cookware set', 199.99, 10, true, 4),
                                                                                                   ('Outdoor Gas Grill', 'Gas-powered outdoor grill for barbecue parties', 299.99, 5, true, 4),
                                                                                                   ('Family Board Game', 'Family-friendly board game for entertainment', 39.99, 30, true, 5),
                                                                                                   ('High-Resolution Camera', 'High-resolution DSLR camera for photography', 899.99, 15, true, 26),
                                                                                                   ('Gaming Laptop Ultimate', 'Powerful gaming laptop with dedicated GPU', 1599.99, 10, true, 26),
                                                                                                   ('Next-Gen Video Game Console', 'Latest gaming console with cutting-edge graphics', 499.99, 20, true, 27),
                                                                                                   ('Wireless Home Security Camera', 'Wireless home security camera system', 129.99, 30, true, 28),
                                                                                                   ('Smart Thermostat Eco', 'Energy-efficient smart thermostat for home', 79.99, 25, true, 29),
                                                                                                   ('Complete Tool Set', 'Comprehensive tool set for home improvement', 149.99, 15, true, 30),
                                                                                                   ('Ergonomic Office Chair', 'Ergonomic office chair for comfortable work hours', 129.99, 10, true, 31),
                                                                                                   ('Advanced Electric Toothbrush', 'Advanced electric toothbrush for oral care', 49.99, 40, true, 32),
                                                                                                   ('Cozy Pet Bed', 'Soft and cozy pet bed for cats and dogs', 29.99, 50, true, 33),
                                                                                                   ('Premium Baby Diapers', 'Disposable baby diapers for comfort and dryness', 19.99, 100, true, 34),
                                                                                                   ('High-Quality Protein Powder', 'High-quality protein powder for fitness enthusiasts', 29.99, 30, true, 35),
                                                                                                   ('Complete Art Supplies Set', 'Complete art supplies set for creative projects', 59.99, 20, true, 36),
                                                                                                   ('Portable Bluetooth Speaker', 'Portable Bluetooth speaker for music on the go', 79.99, 40, true, 25),
                                                                                                   ('Modern Office Desk', 'Modern office desk for a productive workspace', 199.99, 10, true, 31),
                                                                                                   ('Energy-Efficient Refrigerator', 'Energy-efficient refrigerator with ample storage', 899.99, 5, true, 37),
                                                                                                   ('Outdoor Dining Set Deluxe', 'Patio dining set for outdoor gatherings', 499.99, 8, true, 38),
                                                                                                   ('Classic Vinyl Record', 'Classic vinyl record for music enthusiasts', 24.99, 50, true, 39),
                                                                                                   ('Complete Pet Grooming Kit', 'Complete pet grooming kit for furry friends', 34.99, 20, true, 40),
                                                                                                   ('Artisan-Crafted Handmade Jewelry', 'Artisan-crafted handmade jewelry piece', 49.99, 30, true, 41),
                                                                                                   ('Feature-Packed Smartwatch', 'Feature-packed smartwatch for fitness and notifications', 129.99, 15, true, 42),
                                                                                                   ('Stylish Leather Wallet', 'Stylish leather wallet for everyday use', 39.99, 25, true, 43),
                                                                                                   ('Durable Backpack', 'Durable backpack with multiple compartments', 49.99, 20, true, 44),
                                                                                                   ('Collapsible Grocery Basket', 'Collapsible grocery basket for convenient shopping', 14.99, 50, true, 45),
                                                                                                   ('Protective Safety Glasses', 'Protective safety glasses for various tasks', 9.99, 30, true, 46),
                                                                                                   ('Complete Home Cleaning Kit', 'Complete home cleaning kit for a tidy home', 29.99, 15, true, 47),
                                                                                                   ('Long-Lasting Car Air Freshener', 'Long-lasting car air freshener for a pleasant drive', 4.99, 100, true, 8),
                                                                                                   ('Comprehensive First Aid Kit', 'Comprehensive first aid kit for emergencies', 19.99, 10, true, 49);

-- Insert data into the User table
INSERT INTO user (first_name, last_name, email, address, phone_number, username, password, is_active) VALUES
                                                                                                          ('John', 'Doe', 'john.doe@email.com', '123 Main St', '123-456-7890', 'johndoe', '$2a$10$FAKV3E7H8SscklTPU64y6eC6Cml.Vvo1.gZd6R9JTFNJz9JIEvviG', true),
                                                                                                          ('Jane', 'Doe', 'jane.doe@email.com', '456 Oak St', '987-654-3210', 'janedoe', '$2a$10$FAKV3E7H8SscklTPU64y6eC6Cml.Vvo1.gZd6R9JTFNJz9JIEvviG', true),
                                                                                                          ('Alice', 'Smith', 'alice.smith@email.com', '789 Elm St', '555-123-4567', 'alicesmith', '$2a$10$FAKV3E7H8SscklTPU64y6eC6Cml.Vvo1.gZd6R9JTFNJz9JIEvviG', true),
                                                                                                          ('Bob', 'Johnson', 'bob.johnson@email.com', '987 Pine St', '111-222-3333', 'bobjohnson', '$2a$10$FAKV3E7H8SscklTPU64y6eC6Cml.Vvo1.gZd6R9JTFNJz9JIEvviG', true),
                                                                                                          ('Eva', 'Miller', 'eva.miller@email.com', '234 Maple St', '444-555-6666', 'evamiller', '$2a$10$FAKV3E7H8SscklTPU64y6eC6Cml.Vvo1.gZd6R9JTFNJz9JIEvviG', true),
                                                                                                          ('Alex', 'Johnson', 'alex.johnson@email.com', '876 Birch St', '333-444-5555', 'alexjohnson', '$2a$10$FAKV3E7H8SscklTPU64y6eC6Cml.Vvo1.gZd6R9JTFNJz9JIEvviG', true),
                                                                                                          ('Sara', 'White', 'sara.white@email.com', '543 Cedar St', '666-777-8888', 'sarawhite', '$2a$10$FAKV3E7H8SscklTPU64y6eC6Cml.Vvo1.gZd6R9JTFNJz9JIEvviG', true),
                                                                                                          ('Admin1', 'Admin', 'admin1@email.com', '123 Admin St', '777-888-9999', 'admin1', '$2a$10$FAKV3E7H8SscklTPU64y6eC6Cml.Vvo1.gZd6R9JTFNJz9JIEvviG', true),
                                                                                                          ('Admin2', 'Admin', 'admin2@email.com', '456 Admin St', '999-111-2222', 'admin2', '$2a$10$FAKV3E7H8SscklTPU64y6eC6Cml.Vvo1.gZd6R9JTFNJz9JIEvviG', true),
                                                                                                          ('Admin3', 'Admin', 'admin3@email.com', '789 Admin St', '111-222-3333', 'admin3', '$2a$10$FAKV3E7H8SscklTPU64y6eC6Cml.Vvo1.gZd6R9JTFNJz9JIEvviG', true),
                                                                                                          ('User1', 'User', 'user1@email.com', '123 User St', '555-666-7777', 'user1', '$2a$10$FAKV3E7H8SscklTPU64y6eC6Cml.Vvo1.gZd6R9JTFNJz9JIEvviG', true),
                                                                                                          ('User2', 'User', 'user2@email.com', '456 User St', '888-999-0000', 'user2', '$2a$10$FAKV3E7H8SscklTPU64y6eC6Cml.Vvo1.gZd6R9JTFNJz9JIEvviG',  true),
                                                                                                          ('Ethan', 'Taylor', 'ethan.taylor@example.com', '222 Oak St, Townsville', '555-444-3333', 'ethan_taylor', '$2a$10$OMZ3qlmxuN4j7d3V7bTr3e0ss/Tp5JFzhqZFljfnP.CdLwO3opniW', true),
                                                                                                          ('Ava', 'Anderson', 'ava.anderson@example.com', '456 Pine St, Villagetown', '111-222-3333', 'ava_anderson', '$2a$10$OMZ3qlmxuN4j7d3V7bTr3e0ss/Tp5JFzhqZFljfnP.CdLwO3opniW', true),
                                                                                                          ('Liam', 'Moore', 'liam.moore@example.com', '789 Cedar St, Hamletville', '444-555-6666', 'liam_moore', '$2a$10$OMZ3qlmxuN4j7d3V7bTr3e0ss/Tp5JFzhqZFljfnP.CdLwO3opniW', true),
                                                                                                          ('Isabella', 'Smith', 'isabella.smith@example.com', '123 Elm St, Boroughburg', '777-888-9999', 'isabella_smith', '$2a$10$OMZ3qlmxuN4j7d3V7bTr3e0ss/Tp5JFzhqZFljfnP.CdLwO3opniW', true),
                                                                                                          ('James', 'Brown', 'james.brown@example.com', '555 Cedar St, Hamletville', '444-555-6666', 'james_brown', '$2a$10$OMZ3qlmxuN4j7d3V7bTr3e0ss/Tp5JFzhqZFljfnP.CdLwO3opniW', true),
                                                                                                          ('Ella', 'Miller', 'ella.miller@example.com', '789 Maple St, Citytown', '333-444-5555', 'ella_miller', '$2a$10$OMZ3qlmxuN4j7d3V7bTr3e0ss/Tp5JFzhqZFljfnP.CdLwO3opniW', true),
                                                                                                          ('Benjamin', 'Wilson', 'benjamin.wilson@example.com', '101 Pine St, Villagetown', '999-888-7777', 'benjamin_wilson', '$2a$10$OMZ3qlmxuN4j7d3V7bTr3e0ss/Tp5JFzhqZFljfnP.CdLwO3opniW', true),
                                                                                                          ('Emma', 'Moore', 'emma.moore@example.com', '222 Cedar St, Hamletville', '444-555-6666', 'emma_moore', '$2a$10$OMZ3qlmxuN4j7d3V7bTr3e0ss/Tp5JFzhqZFljfnP.CdLwO3opniW', true),
                                                                                                          ('William', 'Smith', 'william.smith@example.com', '123 Elm St, Boroughburg', '777-888-9999', 'william_smith', '$2a$10$OMZ3qlmxuN4j7d3V7bTr3e0ss/Tp5JFzhqZFljfnP.CdLwO3opniW', true),
                                                                                                          ('Sophia', 'Brown', 'sophia.brown@example.com', '555 Oak St, Townsville', '222-333-4444', 'sophia_brown', '$2a$10$OMZ3qlmxuN4j7d3V7bTr3e0ss/Tp5JFzhqZFljfnP.CdLwO3opniW', true),
                                                                                                          ('Olivia', 'Johnson', 'olivia.johnson@example.com', '789 Pine St, Villagetown', '111-222-3333', 'olivia_johnson', '$2a$10$OMZ3qlmxuN4j7d3V7bTr3e0ss/Tp5JFzhqZFljfnP.CdLwO3opniW', true),
                                                                                                          ('Liam', 'Brown', 'liam.brown@example.com', '222 Cedar St, Hamletville', '444-555-6666', 'liam_brown', '$2a$10$OMZ3qlmxuN4j7d3V7bTr3e0ss/Tp5JFzhqZFljfnP.CdLwO3opniW',  true),
                                                                                                          ('Charlotte', 'Taylor', 'charlotte.taylor@example.com', '555 Elm St, Boroughburg', '777-888-9999', 'charlotte_taylor', '$2a$10$OMZ3qlmxuN4j7d3V7bTr3e0ss/Tp5JFzhqZFljfnP.CdLwO3opniW', true),
                                                                                                          ('Mason', 'Wilson', 'mason.wilson@example.com', '123 Maple St, Citytown', '333-444-5555', 'mason_wilson', '$2a$10$OMZ3qlmxuN4j7d3V7bTr3e0ss/Tp5JFzhqZFljfnP.CdLwO3opniW', true),
                                                                                                          ('Ella', 'Moore', 'ella.moore@example.com', '789 Oak St, Townsville', '999-888-7777', 'ella_moore', '$2a$10$OMZ3qlmxuN4j7d3V7bTr3e0ss/Tp5JFzhqZFljfnP.CdLwO3opniW',  true),
                                                                                                          ('Benjamin', 'Smith', 'benjamin.smith@example.com', '101 Pine St, Villagetown', '111-222-3333', 'benjamin_smith', '$2a$10$OMZ3qlmxuN4j7d3V7bTr3e0ss/Tp5JFzhqZFljfnP.CdLwO3opniW',  true),
                                                                                                          ('Emma', 'Taylor', 'emma.taylor@example.com', '555 Oak St, Townsville', '222-333-4444', 'emma_taylor', '$2a$10$OMZ3qlmxuN4j7d3V7bTr3e0ss/Tp5JFzhqZFljfnP.CdLwO3opniW',  true),
                                                                                                          ('Lucas', 'Miller', 'lucas.miller@example.com', '789 Cedar St, Hamletville', '444-555-6666', 'lucas_miller', '$2a$10$OMZ3qlmxuN4j7d3V7bTr3e0ss/Tp5JFzhqZFljfnP.CdLwO3opniW', true),
                                                                                                          ('Ava', 'Anderson', 'ava.anderson@example.com', '456 Pine St, Villagetown', '111-222-3333', 'ava_anderson', '$2a$10$OMZ3qlmxuN4j7d3V7bTr3e0ss/Tp5JFzhqZFljfnP.CdLwO3opniW', true);

INSERT INTO user_roles (user_user_id, roles) VALUES
                                                 (1, 'USER'),
                                                 (2, 'USER'),
                                                 (3, 'USER'),
                                                 (4, 'USER'),
                                                 (5, 'USER'),
                                                 (6, 'USER'),
                                                 (7, 'USER'),
                                                 (8, 'USER'),
                                                 (9, 'USER'),
                                                 (10, 'USER'),
                                                 (11, 'USER'),
                                                 (12, 'USER'),
                                                 (13, 'USER'),
                                                 (14, 'USER'),
                                                 (15, 'USER'),
                                                 (16, 'USER'),
                                                 (17, 'USER'),
                                                 (18, 'USER'),
                                                 (19, 'USER'),
                                                 (20, 'USER'),
                                                 (21, 'USER'),
                                                 (22, 'USER'),
                                                 (23, 'USER'),
                                                 (24, 'USER'),
                                                 (25, 'USER'),
                                                 (26, 'USER'),
                                                 (27, 'USER'),
                                                 (28, 'USER'),
                                                 (29, 'USER'),
                                                 (30, 'USER'),
                                                 (31, 'USER');


-- Insert data into the orders_product join table for the product list
INSERT INTO orders (order_date, status, user_user_id) VALUES
                                                          ('2023-11-01 10:30:00', 'DELIVERED', 1),
                                                          ('2023-11-02 11:45:00', 'PROCESSING', 2),
                                                          ('2023-11-03 09:15:00', 'PENDING', 3),
                                                          ('2023-11-04 13:20:00', 'DELIVERED', 4),
                                                          ('2023-11-05 14:00:00', 'CANCELLED', 5),
                                                          ('2023-11-06 15:30:00', 'DELIVERED', 6),
                                                          ('2023-11-07 08:45:00', 'PROCESSING', 7),
                                                          ('2023-11-08 12:10:00', 'DELIVERED', 8),
                                                          ('2023-11-09 16:45:00', 'PENDING', 9),
                                                          ('2023-11-10 09:00:00', 'CANCELLED', 10),
                                                          ('2023-11-11 11:20:00', 'DELIVERED', 11),
                                                          ('2023-11-12 14:55:00', 'PROCESSING', 12),
                                                          ('2023-11-13 10:05:00', 'DELIVERED', 13),
                                                          ('2023-11-14 12:30:00', 'DELIVERED', 14),
                                                          ('2023-11-15 15:15:00', 'PENDING', 15),
                                                          ('2023-11-16 08:20:00', 'PROCESSING', 16),
                                                          ('2023-11-17 11:40:00', 'DELIVERED', 17),
                                                          ('2023-11-18 13:50:00', 'DELIVERED', 18),
                                                          ('2023-11-19 14:25:00', 'CANCELLED', 19),
                                                          ('2023-11-20 16:00:00', 'DELIVERED', 20),
                                                          ('2023-11-21 09:10:00', 'PROCESSING', 21),
                                                          ('2023-11-22 12:50:00', 'DELIVERED', 22),
                                                          ('2023-11-23 14:15:00', 'DELIVERED', 23),
                                                          ('2023-11-24 15:40:00', 'PENDING', 24),
                                                          ('2023-11-25 08:55:00', 'PROCESSING', 25),
                                                          ('2023-11-26 11:05:00', 'DELIVERED', 26),
                                                          ('2023-11-27 13:30:00', 'DELIVERED', 27),
                                                          ('2023-11-28 15:50:00', 'CANCELLED', 28),
                                                          ('2023-11-29 16:25:00', 'DELIVERED', 29),
                                                          ('2023-11-30 09:35:00', 'DELIVERED', 30),
                                                          ('2023-12-01 12:15:00', 'PENDING', 31);

-- Insert data into the Invoice table with order_order_id
INSERT INTO invoice (total_amount, issue_date, order_order_id) VALUES
                                                                   (99.99, '2023-01-01', 1),
                                                                   (149.99, '2023-01-02', 2),
                                                                   (199.99, '2023-01-03', 3),
                                                                   (79.99, '2023-01-04', 4),
                                                                   (129.99, '2023-01-05', 5),
                                                                   (49.99, '2023-01-06', 6),
                                                                   (179.99, '2023-01-07', 7),
                                                                   (39.99, '2023-01-08', 8),
                                                                   (69.99, '2023-01-09', 9),
                                                                   (119.99, '2023-01-10', 10),
                                                                   (89.99, '2023-01-11', 11),
                                                                   (159.99, '2023-01-12', 12),
                                                                   (199.99, '2023-01-13', 13),
                                                                   (109.99, '2023-01-14', 14),
                                                                   (79.99, '2023-01-15', 15),
                                                                   (129.99, '2023-01-16', 16),
                                                                   (149.99, '2023-01-17', 17),
                                                                   (69.99, '2023-01-18', 18),
                                                                   (119.99, '2023-01-19', 19),
                                                                   (199.99, '2023-01-20', 20),
                                                                   (89.99, '2023-01-21', 21),
                                                                   (59.99, '2023-01-22', 22),
                                                                   (129.99, '2023-01-23', 23),
                                                                   (179.99, '2023-01-24', 24),
                                                                   (99.99, '2023-01-25', 25),
                                                                   (149.99, '2023-01-26', 26),
                                                                   (79.99, '2023-01-27', 27),
                                                                   (119.99, '2023-01-28', 28),
                                                                   (69.99, '2023-01-29', 29),
                                                                   (199.99, '2023-01-30', 30),
                                                                   (89.99, '2023-01-31', 31);


-- Insert data into the Order table
INSERT INTO orders_product (orders_id, product_id) VALUES
-- Order 1
(1, 1), (1, 2), (1, 3),
-- Order 2
(2, 4), (2, 5),
-- Order 3
(3, 6), (3, 7), (3, 8),
-- Order 4
(4, 9), (4, 10),
-- Order 5
(5, 11), (5, 12),
-- Order 6
(6, 13), (6, 14), (6, 15),
-- Order 7
(7, 16), (7, 17),
-- Order 8
(8, 18), (8, 19), (8, 20),
-- Order 9
(9, 21), (9, 22),
-- Order 10
(10, 23), (10, 24),
-- ... Add more entries for other orders ...
-- Order 31
(31, 1), (31, 2), (31, 3);

-- Insert data into the Review table
INSERT INTO review (product_product_id, comment, like_dislike, user_user_id) VALUES
                                                                                 (1, 'Great product!', true, 1),
                                                                                 (2, 'The quality is amazing.', true, 2),
                                                                                 (3, 'Not satisfied with the purchase.', false, 3),
                                                                                 (4, 'Highly recommend this product.', true, 4),
                                                                                 (5, 'Average product, nothing special.', false, 5),
                                                                                 (6, 'Excellent service!', true, 6),
                                                                                 (7, 'Fast shipping and good packaging.', true, 7),
                                                                                 (8, 'Poor customer service experience.', false, 8),
                                                                                 (9, 'The product exceeded my expectations.', true, 9),
                                                                                 (10, 'Bad quality, won\'t buy again.', false, 10),
                                                                                 (11, 'Good value for money.', true, 11),
                                                                                 (12, 'Product arrived on time.', true, 12),
                                                                                 (13, 'Could be better.', false, 13),
                                                                                 (14, 'Satisfied with the purchase.', true, 14),
                                                                                 (15, 'Great customer support.', true, 15),
                                                                                 (16, 'Disappointed with the quality.', false, 16),
                                                                                 (17, 'Fast delivery and good condition.', true, 17),
                                                                                 (18, 'Not what I expected.', false, 18),
                                                                                 (19, 'Happy with the product.', true, 19),
                                                                                 (20, 'Product didn\'t meet expectations.', false, 20),
                                                                                 (21, 'Impressed with the service.', true, 21),
                                                                                 (22, 'Average experience.', false, 22),
                                                                                 (23, 'Would buy again.', true, 23),
                                                                                 (24, 'Needs improvement.', false, 24),
                                                                                 (25, 'Great value for the price.', true, 25),
                                                                                 (26, 'Product as described.', true, 26),
                                                                                 (27, 'Not worth the money.', false, 27),
                                                                                 (28, 'Excellent customer service.', true, 28),
                                                                                 (29, 'Quality could be better.', false, 29),
                                                                                 (30, 'Happy with the purchase.', true, 30),
                                                                                 (31, 'Average quality.', false, 31);


-- Insert data into the ShoppingCart table
INSERT INTO shopping_cart (user_user_id, total_price) VALUES
                                                          (1, 100.00),
                                                          (2, 75.50),
                                                          (3, 50.25),
                                                          (4, 120.75),
                                                          (5, 90.00),
                                                          (6, 30.50),
                                                          (7, 200.00),
                                                          (8, 45.75),
                                                          (9, 80.25),
                                                          (10, 150.50),
                                                          (11, 110.00),
                                                          (12, 95.25),
                                                          (13, 180.50),
                                                          (14, 60.75),
                                                          (15, 75.00),
                                                          (16, 120.25),
                                                          (17, 50.50),
                                                          (18, 160.75),
                                                          (19, 70.00),
                                                          (20, 130.25),
                                                          (21, 85.50),
                                                          (22, 40.25),
                                                          (23, 95.75),
                                                          (24, 110.50),
                                                          (25, 70.25),
                                                          (26, 120.00),
                                                          (27, 150.75),
                                                          (28, 55.50),
                                                          (29, 80.25),
                                                          (30, 125.75),
                                                          (31, 65.00);
-- Insert data into the cart_product table
INSERT INTO cart_product (cart_id, product_id) VALUES
                                                   (1, 1),
                                                   (1, 2),
                                                   (1, 3),
                                                   (2, 4),
                                                   (2, 5),
                                                   (2, 6),
                                                   (3, 7),
                                                   (3, 8),
                                                   (3, 9),
                                                   (4, 10),
                                                   (4, 11),
                                                   (4, 12),
                                                   (5, 13),
                                                   (5, 14),
                                                   (5, 15),
                                                   (6, 16),
                                                   (6, 17),
                                                   (6, 18),
                                                   (7, 19),
                                                   (7, 20),
                                                   (7, 21),
                                                   (8, 22),
                                                   (8, 23),
                                                   (8, 24),
                                                   (9, 25),
                                                   (9, 26),
                                                   (9, 27),
                                                   (10, 28),
                                                   (10, 29),
                                                   (10, 30),
                                                   (11, 31);

